{
   "DOMAIN":{
      "h0":7.145222414723184e-05,
      "Lx":30.0,
      "Ly":8.0,
      "theta":1.047197551,
      "tmax":450,
      "t0":0
   },
   "PHYSICAL":{
      "rho_l":2673.2639608403215,
      "rho_g":2.6732639608403215,
      "mu_l":0.001,
      "mu_g":1e-05,
      "gamma":0.001181963265183158,
      "grav":10.0
   },
   "SOLVER":{
      "level":8,
      "dtout":0.5,
      "output":1
   },
   "CONTROL":{
      "M":5,
      "P":5,
      "start":50,
      "width":0.1,
      "alpha":1.0,
      "del":0.0,
      "mu":0.5,
      "rom":"wr",
      "strategy":"lqr"
   }
}
