{
  "DOMAIN": {
    "h0": 0.000018989145744046399526063052252081,
    "Lx": 30.0,
    "Ly": 8.0,
    "theta": 1.047197551,
    "tmax": 35,
    "t0": 0
  },

  "PHYSICAL": {
    "rho_l": 10058.938842622002416886564380943,
    "rho_g": 10.0,
    "mu_l": 1.0e-3,
    "mu_g": 1.0e-5,
    "gamma": 0.00015705930063439097934322589390558,
    "grav": 10.0
  },

  "SOLVER": {
    "level": 8,
    "dtout": 0.1,
    "output": 1
  },

  "CONTROL": {
    "M": "5",
    "P": "5",
    "start": 15.0,
    "width": 0.1,
    "alpha": 1.0,
    "del": 0.0,
    "mu": 0.5,
    "rom": "benney",
    "strategy": "lqr"
  }
}
